{
    "name": "rama_u80_iso",
    "vendorId": "0x4d52",
    "productId": "0x3639",
    "matrix": {
        "rows": 6,
        "cols": 18
    },
    "layouts": {
        "keymap": [
            ["0,0", {"x":1}, "0,2", "0,3", "0,4", "0,5", {"x":0.5},"0,7","0,8","0,9","0,10",{"x":0.5},"0,11","0,12","0,13","0,14",{"x":0.5}, "0,15","0,16","0,17"],
            [{"y":0.5}, "1,0", "1,1", "1,2","1,3","1,4","1,5","1,6","1,7","1,8","1,9","1,10","1,11","1,12",{"w":2},"1,14",{"x":0.5},"1,15","1,16","1,17"],
            [{"w":1.5},"2,0","2,2","2,3","2,4","2,5","2,6","2,7","2,8","2,9","2,10","2,11","2,12","2,13",{
                "c":"#777777",     
                "x":0.25,      
                "w":1.25,
                "h":2,
                "w2":1.5,
                "h2":1,
                "x2":-0.25
    },"3,14",{"x":0.5},"2,15","2,16","2,17"],
            [{"w":1.75},"3,0","3,2","3,3","3,4","3,5","3,6","3,7","3,8","3,9","3,10","3,11","3,12","3,13"],
            [{"w":1.25},"4,0","4,1","4,2", "4,3","4,4","4,5","4,6","4,7","4,8","4,9","4,10","4,11",{"w":2.75},"4,13",{"x":1.5},"4,16"],
            [{"w":1.5},"5,0","5,1",{"w":1.5},"5,2",{"w":7},"5,6",{"w":1.5},"5,11","5,13",{"w":1.5},"5,14",{"x":0.5},"5,15","5,16","5,17"]
        ]
    }
}